sigma_Cm,sigma_C1,sigma_C2_0,sigma_C2_1,sigma_C2_2,sigma_C2_3,sigma_H1,sigma_F_1,sigma_F_2,sigma_F_3,sigma_F_4,epsilon_Cm,epsilon_C1,epsilon_C2_0,epsilon_C2_1,epsilon_C2_2,epsilon_C2_3,epsilon_H1,epsilon_F_1,epsilon_F_2,epsilon_F_3,epsilon_F_4,ExpValPrior,rcc,num params opt
3.815255669536487,3.400919090492539,3.8377338556809333,3.548388700579834,3.9116983324236325,3.6097750805767865,2.218528237401914,3.154164714598226,2.8151739490410943,2.9162295106049796,2.9296025720692525,48.10894475119233,42.389917741058795,40.89681207485426,50.00000000000001,21.815437248185592,37.56768106069546,10.88804316313083,31.624579658674687,42.47784753044115,23.735520968624737,28.450978104962697,9805.189332542159,-146.63051543749913,20
