sigma_Cm,sigma_C1,sigma_C2_0,sigma_C2_1,sigma_C2_2,sigma_C2_3,sigma_H1,sigma_F_1,sigma_F_2,sigma_F_3,sigma_F_4,epsilon_Cm,epsilon_C1,epsilon_C2_0,epsilon_C2_1,epsilon_C2_2,epsilon_C2_3,epsilon_H1,epsilon_F_1,epsilon_F_2,epsilon_F_3,epsilon_F_4
3.828378089298175,3.3784808711588004,3.84580655308636,3.4271889403598443,3.413738170936956,3.744994948036089,2.0523257879874603,3.1104666564530428,2.847252384707576,2.988263109112937,2.9310690927296204,57.10309400768973,43.08367615790718,45.63505420145406,57.2871721246258,34.36776790756747,37.56768106069546,10.07885918608217,31.62457965867469,42.43956527485266,20.68674673869723,28.602028418155804
