sigma_Cm,sigma_C1,sigma_C2_0,sigma_C2_1,sigma_C2_2,sigma_C2_3,sigma_H1,sigma_F_1,sigma_F_2,sigma_F_3,sigma_F_4,epsilon_Cm,epsilon_C1,epsilon_C2_0,epsilon_C2_1,epsilon_C2_2,epsilon_C2_3,epsilon_H1,epsilon_F_1,epsilon_F_2,epsilon_F_3,epsilon_F_4
3.844403083104273,3.463800525264424,3.8576934969402297,3.612719868717959,3.347138164874357,3.5048231532858103,2.064768638186078,3.086977232081072,2.8486408398039704,2.980429929843933,2.9236796459858745,58.91771834808305,38.16468209453536,46.47295776062003,52.62167981240602,33.281645733668825,39.56235525130641,9.47925007149687,27.95837578711973,46.241554572213,25.08418775992196,28.875262976008333
