Run,Iter,Min Obj,sigma_C1_min,sigma_C2_F0_min,sigma_C2_Fx_min,sigma_H1_min,sigma_F_H2_min,sigma_F_H1_min,sigma_F_Hx_min,epsilon_C1_min,epsilon_C2_F0_min,epsilon_C2_Fx_min,epsilon_H1_min,epsilon_F_H2_min,epsilon_F_H1_min,epsilon_F_Hx_min,Min Obj Cum.,sigma_C1_cum,sigma_C2_F0_cum,sigma_C2_Fx_cum,sigma_H1_cum,sigma_F_H2_cum,sigma_F_H1_cum,sigma_F_Hx_cum,epsilon_C1_cum,epsilon_C2_F0_cum,epsilon_C2_Fx_cum,epsilon_H1_cum,epsilon_F_H2_cum,epsilon_F_H1_cum,epsilon_F_Hx_cum,R32-sim_liq_density-sse,R32-sim_vap_density-sse,R32-sim_Pvap-sse,R32-sim_Hvap-sse,Run Time,jac evals,func evals,Optimality,Term Status,Message
1,77,13.924270424706943,3.672226683582323,3.440648986884316,2.0002287496346898,2.1524230503439976,2.7941483641212623,2.184677189537596,2.3725204227553416,48.78838125073322,35.789885824993554,45.023087710218206,7.680033470380533,38.65387290936931,22.155828740603116,45.73411027368309,13.92426432954714,3.672177204855634,3.440648986884316,2.0002287496346898,2.1524813082098966,2.7941684524384613,2.184677189537596,2.3725204227553416,48.78885205048581,35.789885824993554,45.023087710218206,7.679835968583737,38.65405994667643,22.155828740603116,45.73411027368309,2.30611518624301,2.6614379926743945,3.344666020974421,1.78772863443008,109.07282304763794,89.0,1335.0,15.281126210142997,0.0,CONVERGENCE: REL_REDUCTION_OF_F_<=_FACTR*EPSMCH
