sigma_C1,sigma_C2,sigma_Hc,sigma_H1,sigma_H,sigma_F,epsilon_C1,epsilon_C2,epsilon_Hc,epsilon_H1,epsilon_H,epsilon_F
3.3252587187858413,3.4107951651380053,2.593995409587395,2.340697706727356,1.8817153696609343,2.941162482529198,54.41493660742324,49.91589019864762,10.87380317320726,11.38191878615384,15.0,26.640848423702053
