sigma_C,sigma_H,sigma_F,epsilon_C,epsilon_H,epsilon_F
3.363833524901372,2.336198819867178,2.9372057017987627,52.45925035018677,11.081227825775091,26.563098965666143
